ticker,year,e_score,s_score,g_score,total_score
BSX,2020,3.16,18.0,11.83,32.98
BSX,2022,2.83,12.86,10.32,26.02
EXR,2022,3.81,4.28,5.86,13.94
ADM,2019,16.38,14.2,5.9,36.36
ADM,2020,15.89,13.51,5.38,34.78
ADM,2021,15.91,13.49,4.85,34.25
BBY,2020,2.11,5.2,4.6,11.92
AAPL,2019,0.55,13.58,10.47,24.32
AAPL,2021,0.18,7.69,8.86,16.72
AAPL,2022,0.65,6.86,8.95,16.45
AAPL,2023,0.46,7.39,9.37,17.22
ACGL,2019,1.9,10.12,13.95,25.98
ACGL,2020,2.02,10.58,13.62,26.22
ACGL,2021,2.01,7.78,13.17,22.96
ADBE,2019,0.47,7.97,5.23,13.87
ADBE,2020,0.45,8.06,5.05,13.54
ADBE,2021,0.48,5.65,4.74,10.88
ADBE,2022,1.42,5.84,4.64,11.9
ADSK,2019,1.27,12.97,5.63,19.73
ADSK,2020,1.28,12.77,5.46,19.52
ADSK,2021,1.37,9.22,4.78,15.36
ADSK,2022,2.73,8.53,4.6,15.86
AKAM,2020,1.91,11.8,7.34,21.05
AKAM,2021,1.98,11.51,7.62,21.11
AKAM,2022,1.93,10.35,7.45,19.73
AKAM,2023,2.96,7.0,6.82,16.78
AMGN,2018,0.03,16.38,7.07,23.41
AMGN,2020,0.03,14.73,6.76,21.51
AMGN,2021,0.03,13.18,6.5,19.71
AMZN,2019,6.66,15.55,11.0,33.69
AMZN,2020,5.74,13.46,10.8,30.0
AMZN,2021,5.44,12.93,9.73,28.09
AMZN,2022,5.71,14.62,9.86,30.18
ANSS,2019,0.75,9.96,5.22,15.93
ANSS,2020,0.94,9.46,4.99,15.4
ANSS,2021,1.13,8.96,4.88,14.98
ANSS,2022,0.86,7.32,4.93,13.12
APA,2021,21.98,8.88,7.96,38.81
AVGO,2020,8.99,8.39,8.71,26.09
AVGO,2021,8.96,8.66,7.9,25.52
BIIB,2019,0.04,14.99,8.49,23.52
BIIB,2020,0.03,15.3,8.03,23.36
BIIB,2021,0.02,14.65,7.54,22.2
BIIB,2022,0.02,13.07,7.82,20.91
BKNG,2019,4.37,9.5,6.23,20.31
BKNG,2020,3.88,9.4,6.15,19.43
BKNG,2021,3.88,9.68,6.31,19.87
CBOE,2020,2.97,9.24,9.43,21.64
CBOE,2021,2.57,7.19,8.98,18.69
CBOE,2022,2.85,7.43,9.19,19.47
CDNS,2019,1.37,10.9,5.97,18.72
CDNS,2020,1.16,10.51,5.51,17.18
CDNS,2021,1.14,9.85,5.27,16.26
CHRW,2019,6.51,12.91,6.55,26.0
CHRW,2020,6.44,13.0,6.45,25.89
CHRW,2021,5.83,12.36,6.28,24.48
CHRW,2022,4.89,9.42,5.63,19.94
CINF,2019,1.71,9.14,15.89,26.7
CINF,2020,1.71,9.42,15.3,26.42
CINF,2021,1.78,9.11,14.53,25.41
CINF,2022,1.83,9.42,13.47,24.72
CMCSA,2019,1.22,9.3,8.93,19.43
CMCSA,2020,1.22,9.3,9.09,19.61
CMCSA,2021,1.89,9.86,8.77,20.51
CMCSA,2022,4.56,12.11,8.07,24.74
CME,2019,2.79,7.46,6.79,17.03
CME,2020,2.68,7.32,6.47,16.46
CME,2021,1.95,6.55,6.05,14.56
CME,2022,2.13,6.21,6.24,14.59
CPRT,2022,2.45,11.3,5.92,19.67
CSCO,2019,0.6,6.58,6.85,14.08
CSCO,2020,0.57,6.18,6.27,13.02
CSCO,2021,0.44,5.84,6.07,12.35
CSGP,2022,5.42,13.12,8.12,26.65
CSGP,2023,5.16,11.23,8.04,24.42
CSX,2019,7.04,12.36,3.19,22.57
CSX,2020,6.64,12.37,3.49,22.5
CSX,2021,5.49,9.3,3.61,18.41
CSX,2022,7.45,9.19,3.55,20.2
CTAS,2020,5.48,12.45,7.48,25.41
CTAS,2021,5.09,11.31,7.3,23.7
CTAS,2022,4.1,9.46,6.99,20.54
CTSH,2020,1.03,11.23,8.17,20.42
CTSH,2021,1.06,12.22,7.44,20.71
CTSH,2022,1.11,9.5,5.74,16.35
DLTR,2020,3.86,9.85,5.87,19.57
DLTR,2021,3.4,8.54,5.82,17.76
DLTR,2022,3.4,7.41,4.27,15.08
DLTR,2023,3.34,10.09,4.04,17.47
DXCM,2019,6.46,22.43,12.99,41.91
DXCM,2020,6.2,17.79,10.64,34.64
DXCM,2021,5.93,13.04,8.23,27.21
DXCM,2022,5.57,11.43,8.28,25.28
EBAY,2019,1.69,11.13,7.32,20.17
EBAY,2020,1.69,11.41,7.72,20.81
EBAY,2021,1.34,10.79,7.54,19.67
EBAY,2022,0.93,9.33,6.71,16.98
EQIX,2019,4.96,5.26,4.9,15.5
EQIX,2020,5.42,5.24,5.49,16.16
EQIX,2021,4.52,5.48,5.49,15.5
EXPD,2019,4.07,9.2,5.14,18.68
EXPD,2020,4.01,9.9,5.03,18.94
EXPD,2021,4.05,9.23,4.84,18.13
EXPD,2022,3.83,7.31,4.96,16.1
FAST,2022,10.69,8.66,7.05,26.4
FFIV,2021,1.21,11.87,5.34,18.42
FFIV,2022,1.26,12.49,5.47,19.23
FITB,2019,2.23,13.03,11.34,26.6
FITB,2020,2.22,12.98,11.02,26.22
FITB,2021,2.02,12.22,10.22,24.46
FITB,2022,1.39,8.2,9.15,18.73
FTNT,2021,1.33,13.57,6.17,21.07
FTNT,2022,1.23,12.19,5.75,19.17
GRMN,2019,4.93,9.16,5.98,20.0
GRMN,2020,5.52,9.66,5.68,20.86
GRMN,2021,5.87,8.84,4.79,19.5
HOLX,2019,4.63,19.88,10.84,35.38
HOLX,2020,4.58,17.32,11.61,33.5
HOLX,2021,4.45,14.28,11.78,30.51
HSIC,2019,3.52,4.97,6.0,14.36
HSIC,2020,3.65,5.68,5.68,15.01
HSIC,2021,3.19,5.66,5.64,14.5
HSIC,2022,2.14,5.59,5.76,13.48
IDXX,2018,5.43,18.37,11.57,35.44
IDXX,2020,5.43,11.82,12.3,29.56
IDXX,2021,4.7,9.11,11.45,25.27
IDXX,2022,3.6,7.12,9.96,20.69
ILMN,2020,1.3,4.95,6.87,13.12
ILMN,2021,1.22,3.6,6.42,11.24
ILMN,2022,1.19,3.73,6.29,11.21
INCY,2021,0.11,18.26,7.64,26.01
INCY,2022,1.0,16.45,6.99,24.45
INTC,2019,4.91,5.01,6.93,16.84
INTC,2020,4.33,5.14,6.57,16.05
INTC,2021,3.84,6.03,6.48,16.36
INTU,2019,1.08,10.9,5.69,17.58
INTU,2020,1.12,10.83,5.67,17.62
INTU,2021,1.11,9.98,5.62,16.7
ISRG,2020,5.23,16.27,11.12,32.62
ISRG,2021,4.97,14.08,10.77,29.82
ISRG,2022,4.57,11.17,10.03,25.76
ISRG,2023,3.65,9.58,7.84,21.07
JBHT,2020,6.32,8.44,6.25,21.02
JBHT,2021,4.14,5.63,5.37,15.14
JBHT,2022,3.0,6.01,5.32,14.32
JKHY,2020,0.18,11.52,7.2,18.89
JKHY,2022,0.93,9.54,5.23,15.7
JNPR,2019,0.39,8.35,7.75,16.2
JNPR,2021,0.38,9.27,6.52,16.17
JNPR,2022,1.66,8.35,6.77,16.79
KHC,2017,16.46,19.06,6.35,40.59
KHC,2020,11.94,14.12,6.27,32.32
KHC,2021,12.89,14.33,6.77,33.99
KHC,2022,13.95,14.4,6.71,35.06
KLAC,2017,6.31,7.51,6.46,20.44
KLAC,2018,6.13,7.2,6.33,19.83
KLAC,2020,6.47,6.9,6.16,19.54
KLAC,2021,6.84,6.73,5.96,19.52
LKQ,2020,4.57,5.4,4.0,13.98
LKQ,2021,4.58,5.41,3.81,13.8
LKQ,2022,4.08,4.97,3.81,12.87
LRCX,2019,4.18,5.65,6.49,16.31
LRCX,2020,4.52,5.81,6.44,16.76
LRCX,2021,4.94,5.05,5.56,15.56
LRCX,2022,4.7,4.15,5.22,14.07
LULU,2020,1.12,6.41,6.07,13.6
MCHP,2019,17.12,9.74,8.52,35.3
MCHP,2020,16.04,9.44,8.64,34.12
MCHP,2021,15.07,9.32,8.64,33.03
MDLZ,2019,8.99,10.2,5.8,25.07
MDLZ,2020,9.67,10.8,5.72,26.18
MDLZ,2021,7.52,10.62,5.16,23.29
MSFT,2019,0.45,9.71,5.23,15.45
MSFT,2020,0.46,9.57,5.14,15.17
MSFT,2021,0.46,9.11,4.85,14.42
MSFT,2022,0.82,8.17,5.1,14.08
NCLH,2019,12.47,11.12,3.9,27.67
NCLH,2020,12.63,10.98,3.93,27.54
NCLH,2021,12.54,10.97,4.47,27.99
NCLH,2022,11.98,10.12,4.51,26.61
NDAQ,2019,2.38,7.95,7.84,18.15
NDAQ,2020,2.16,7.4,7.3,16.87
NDAQ,2021,1.59,6.3,6.41,14.3
NDAQ,2022,1.81,4.56,5.56,11.93
NDSN,2021,9.55,13.34,5.65,28.53
NDSN,2022,9.45,12.51,5.6,27.56
NTAP,2019,2.77,9.51,6.76,18.63
NTAP,2021,2.77,8.15,6.19,17.11
NTAP,2022,2.61,7.2,6.05,15.87
NTRS,2018,2.54,13.74,11.39,27.78
NTRS,2019,2.54,13.0,11.11,27.05
NTRS,2020,2.24,12.34,10.83,25.41
NVDA,2019,1.91,4.66,6.85,13.49
NVDA,2020,2.12,4.26,6.64,13.02
NVDA,2021,2.37,4.14,6.63,13.15
NVDA,2022,2.44,4.46,6.1,13.0
NXPI,2019,9.26,7.02,7.84,24.15
NXPI,2020,9.02,6.97,7.37,23.36
NXPI,2021,7.86,6.61,5.07,19.54
NXPI,2022,8.51,7.13,5.39,21.02
PAYX,2019,0.15,10.92,6.91,18.78
PAYX,2020,0.11,9.2,6.84,16.16
PAYX,2021,0.32,9.32,6.6,16.25
PCAR,2021,8.31,14.87,9.1,32.28
PFG,2019,1.81,9.21,10.99,21.86
PFG,2020,1.94,8.55,11.9,22.39
PFG,2021,2.11,7.55,10.84,20.5
PTC,2018,1.81,15.51,6.7,24.04
PTC,2019,1.64,13.55,6.72,22.21
PTC,2021,1.26,12.1,5.91,19.26
PYPL,2019,0.09,11.64,7.87,19.52
PYPL,2020,0.09,11.4,7.21,18.69
PYPL,2021,0.22,10.8,6.44,17.45
QCOM,2019,1.93,6.44,10.73,18.91
QCOM,2020,3.51,6.16,10.31,19.97
QCOM,2021,6.37,3.49,9.18,19.04
QCOM,2022,5.45,4.29,7.81,17.55
QRVO,2019,19.64,9.0,7.69,36.33
QRVO,2021,15.96,8.91,7.23,32.1
QRVO,2022,14.11,8.64,7.41,30.15
QRVO,2023,12.72,8.5,7.58,28.8
REGN,2019,0.06,16.69,8.1,24.85
REGN,2020,0.03,15.28,7.98,23.3
REGN,2021,0.01,13.76,7.54,21.32
SBAC,2019,2.46,8.39,7.36,18.11
SBAC,2020,2.36,7.76,7.2,17.32
SBAC,2021,2.78,7.05,6.44,16.27
SBUX,2019,3.15,12.99,5.11,21.23
SBUX,2020,3.18,13.03,4.95,21.15
SBUX,2021,2.87,13.53,4.57,20.98
SBUX,2022,6.11,14.41,4.24,24.78
SNPS,2019,1.18,13.05,5.81,19.85
SNPS,2020,1.18,12.11,5.45,18.74
SNPS,2021,1.1,9.07,4.3,14.46
SNPS,2022,2.49,7.16,4.12,13.76
STLD,2018,15.5,13.09,7.33,35.96
STLD,2019,14.24,13.62,7.24,35.3
STLD,2020,13.41,14.22,6.74,34.37
STX,2019,1.61,8.11,5.84,15.55
STX,2020,1.59,7.88,5.81,15.27
STX,2021,1.59,3.8,5.21,10.6
SWKS,2019,15.39,8.99,8.81,33.01
SWKS,2020,14.59,9.09,8.46,32.14
SWKS,2021,15.26,9.51,8.36,33.12
SWKS,2022,13.82,9.32,8.2,31.34
TMUS,2020,4.8,13.6,7.59,25.99
TMUS,2021,4.27,14.36,7.72,26.35
TMUS,2022,3.49,13.38,7.47,24.33
TRMB,2017,2.34,5.42,4.65,12.91
TRMB,2019,1.99,4.68,5.27,11.93
TRMB,2020,2.79,4.25,5.26,12.3
TROW,2018,2.84,12.56,9.01,24.03
TROW,2019,2.85,12.34,8.84,23.72
TROW,2020,2.96,11.72,8.64,23.32
TROW,2021,2.14,11.76,6.36,20.25
TSLA,2019,2.8,17.62,10.38,31.03
TSLA,2020,2.77,17.34,11.12,31.22
TSLA,2021,2.87,17.31,10.86,31.04
TXN,2019,6.77,5.0,7.25,18.97
TXN,2020,6.59,5.22,6.33,18.14
TXN,2021,6.97,5.38,5.8,18.14
TXN,2022,8.81,5.03,6.32,20.16
VRSK,2019,0.11,15.0,6.73,22.01
VRSK,2020,0.11,14.58,6.74,21.43
VRSK,2021,0.11,14.69,6.46,21.25
VRTX,2018,0.16,18.09,7.9,26.16
VRTX,2019,0.16,18.04,7.85,26.08
VRTX,2021,0.15,17.22,7.5,24.88
VRTX,2022,0.52,15.88,7.41,23.82
WBA,2019,2.63,10.04,4.5,17.49
WBA,2020,2.38,10.59,4.51,17.48
WBA,2021,1.89,11.04,4.67,17.6
WBA,2022,2.1,11.52,4.73,18.35
WDC,2018,3.16,9.26,7.09,19.65
WDC,2019,3.01,7.75,7.39,18.25
WDC,2021,2.53,4.39,5.69,12.61
WDC,2022,2.01,4.07,5.62,11.7
WYNN,2019,3.6,13.9,10.58,28.07
WYNN,2020,3.61,11.88,11.4,26.89
WYNN,2021,3.78,11.69,11.54,27.0
WYNN,2022,3.55,11.98,10.94,26.47
ABBV,2019,1.03,17.06,11.66,30.63
ABBV,2020,0.96,17.05,12.54,30.56
ABBV,2021,0.65,17.0,11.08,28.73
ABT,2019,3.71,15.31,11.96,30.84
ABT,2020,3.36,15.86,11.11,30.34
ABT,2021,3.02,15.68,10.4,29.1
ACN,2017,0.92,8.62,5.8,15.16
ACN,2018,0.97,8.13,5.86,15.1
ACN,2019,0.96,8.1,6.19,15.26
ACN,2020,0.76,6.58,5.98,13.32
ADP,2017,0.08,9.82,6.32,16.34
ADP,2019,0.07,8.36,6.52,14.63
ADP,2020,0.07,7.55,6.0,13.63
ADP,2021,0.27,7.09,5.54,12.9
AEE,2020,18.26,12.17,6.6,37.02
AEE,2022,15.2,8.37,5.62,29.18
AEP,2020,17.84,9.38,5.56,32.76
AEP,2021,19.5,9.83,5.28,34.61
AEP,2022,16.17,7.29,5.52,28.97
AEP,2023,12.66,8.1,5.38,26.14
AFL,2020,2.05,8.23,13.59,23.87
AFL,2021,2.38,7.88,13.01,23.27
AFL,2022,0.47,7.26,9.57,17.3
AIG,2019,1.86,11.58,16.31,29.62
AIG,2020,1.9,12.79,15.84,30.54
AIG,2021,1.94,12.46,14.88,29.29
AIZ,2020,1.36,11.17,13.48,26.01
AIZ,2021,1.34,10.54,13.14,25.01
AJG,2018,0.12,11.03,13.26,23.46
AJG,2019,0.12,11.04,13.46,23.99
AJG,2020,0.14,11.14,13.56,24.86
ALB,2019,17.64,8.71,8.43,35.3
ALB,2020,19.39,8.91,8.7,36.99
ALB,2021,19.09,8.97,8.77,36.83
AMP,2020,2.3,12.19,13.25,27.75
AMP,2021,2.4,10.04,12.73,25.17
AMP,2022,2.72,7.43,12.47,22.62
AMP,2023,2.33,7.52,11.58,21.44
AMT,2019,5.81,6.68,5.63,18.12
AMT,2020,5.81,6.68,5.6,18.09
AMT,2021,3.73,3.78,4.9,12.42
AMT,2022,2.41,3.48,5.01,10.89
AOS,2018,13.6,4.11,7.25,24.83
AOS,2020,10.21,13.15,7.72,31.07
AOS,2022,7.12,11.35,6.39,24.87
APD,2020,6.28,1.68,3.67,11.64
APD,2021,6.05,1.46,3.65,11.17
APD,2022,5.94,1.28,3.59,10.81
APD,2023,7.42,1.5,3.35,12.26
APTV,2019,4.12,7.54,7.65,19.3
APTV,2020,3.97,6.38,6.82,17.17
APTV,2021,3.77,4.71,5.33,13.81
ATO,2019,15.9,15.4,7.04,38.35
ATO,2020,14.34,14.54,6.65,35.54
ATO,2021,13.42,13.09,6.75,33.26
ATO,2022,14.15,13.05,6.58,33.79
AVB,2018,3.57,3.6,5.96,13.0
AVB,2019,3.54,3.69,5.62,12.81
AVB,2020,3.51,3.55,5.35,12.42
AVY,2019,13.3,1.58,4.38,19.25
AVY,2020,12.78,1.76,4.22,18.74
AVY,2021,12.19,1.93,4.0,18.12
AWK,2016,11.17,9.76,5.66,26.6
AWK,2018,11.97,9.92,5.98,27.93
AWK,2019,12.78,10.06,6.24,29.14
AWK,2021,13.23,9.74,5.5,28.48
AXP,2019,0.07,13.13,10.19,23.25
AXP,2020,0.06,11.74,9.87,21.68
AXP,2021,0.05,10.17,9.41,19.62
A,2019,0.88,9.48,7.19,17.6
A,2020,0.87,9.42,6.86,17.14
A,2021,0.87,9.44,6.29,16.6
BAX,2019,2.5,17.47,8.88,28.56
BAX,2020,2.56,16.84,9.05,28.45
BAX,2021,2.51,15.96,9.22,27.7
BBWI,2022,2.55,8.35,5.18,16.08
BDX,2018,3.45,16.51,11.25,31.84
BDX,2019,3.4,18.48,11.17,33.05
BDX,2020,3.41,18.26,10.64,32.31
BDX,2021,3.55,16.17,9.57,29.3
BK,2019,2.38,12.18,10.22,24.81
BK,2020,2.21,10.69,10.32,23.22
BK,2021,1.99,9.46,10.7,22.15
BMY,2016,1.52,14.37,9.69,26.01
BMY,2018,1.53,17.05,10.24,28.38
BMY,2020,1.37,15.77,10.98,28.1
BMY,2021,0.03,15.2,7.5,22.73
BWA,2019,5.57,10.83,7.98,24.62
BWA,2020,5.4,10.84,7.54,23.78
BWA,2021,4.94,9.54,7.21,21.69
BXP,2019,3.87,5.15,5.62,14.63
BXP,2020,3.82,5.09,5.37,14.28
BXP,2021,3.7,5.03,5.08,13.81
CAG,2019,9.76,14.03,5.85,29.63
CAG,2020,9.87,15.3,5.66,30.83
CAG,2021,10.97,16.37,4.95,32.29
CAG,2022,11.7,16.4,4.77,32.87
CAH,2019,1.91,8.93,5.53,16.37
CAH,2020,2.29,8.2,5.13,15.62
CAH,2021,2.45,5.37,4.51,12.33
CBRE,2019,0.98,2.77,3.62,7.39
CBRE,2020,1.66,2.74,3.58,7.98
CBRE,2021,2.13,2.7,3.51,8.33
CBRE,2022,1.27,2.48,3.24,6.99
CB,2019,1.53,10.32,11.48,23.37
CB,2020,1.57,10.72,11.43,23.73
CB,2021,1.62,11.28,10.88,23.78
CB,2022,1.65,11.68,10.67,24.01
CCL,2019,8.3,8.16,3.64,20.08
CCL,2020,8.49,9.0,3.72,21.2
CCL,2021,9.18,9.46,3.85,22.48
CCL,2022,10.21,9.77,3.82,23.8
CFG,2019,2.02,14.57,11.93,29.1
CFG,2020,1.79,14.04,11.75,27.57
CFG,2021,1.87,12.49,11.16,25.51
CHD,2019,8.57,8.62,8.51,25.57
CHD,2020,8.76,8.62,7.96,25.34
CHD,2021,7.37,8.22,7.14,22.74
CHD,2022,6.53,6.53,6.59,19.66
CMA,2019,2.1,11.32,12.22,25.91
CMA,2020,2.05,11.94,12.66,26.65
CMA,2021,1.69,13.13,12.11,26.93
CMG,2019,5.37,14.5,5.51,26.54
CMG,2020,4.02,14.73,6.04,24.79
CMG,2021,3.97,14.63,5.68,24.28
CMI,2019,3.32,9.11,6.37,18.76
CMI,2020,3.45,9.01,6.29,18.75
CMI,2021,4.14,8.04,5.97,18.14
CMS,2019,14.98,8.88,5.05,28.77
CMS,2020,13.52,9.07,5.35,27.94
CMS,2021,12.78,8.22,5.33,26.33
CMS,2022,9.8,5.78,5.52,21.1
CNC,2021,0.14,15.86,6.68,22.68
CNC,2022,0.11,14.13,7.27,21.52
CNC,2023,0.09,13.28,6.86,20.25
CNP,2018,14.48,12.9,7.56,35.24
CNP,2020,13.81,11.66,6.1,31.57
CNP,2021,17.79,11.9,5.85,35.53
COF,2018,0.06,12.15,9.6,23.7
COF,2019,0.06,13.33,10.25,24.61
COF,2021,0.06,13.46,9.66,23.18
COO,2020,3.1,11.59,7.32,22.01
COO,2021,3.1,10.71,7.0,20.82
COO,2022,2.83,10.75,6.44,20.03
COP,2019,17.2,8.5,8.41,34.35
COP,2020,15.53,7.84,6.63,30.0
COP,2021,18.68,9.83,7.03,35.53
COP,2022,17.45,9.71,7.73,34.88
CPB,2019,8.97,9.71,5.43,24.12
CPB,2020,9.15,8.86,5.17,23.18
CPB,2021,9.4,7.82,4.78,22.0
CPT,2018,5.93,6.62,7.12,19.82
CPT,2019,5.79,6.56,7.48,19.9
CPT,2020,5.25,5.62,7.36,18.24
CPT,2021,5.14,4.82,6.44,16.4
CTRA,2022,23.42,14.01,9.07,46.51
CVX,2019,20.27,11.7,10.64,42.56
CVX,2020,18.87,11.81,10.1,40.78
CVX,2021,19.06,11.46,10.0,40.51
CVX,2022,21.15,10.07,10.06,41.28
DGX,2019,0.14,10.7,8.46,19.16
DGX,2020,0.14,10.34,8.44,18.92
DGX,2021,0.12,10.08,8.6,18.8
DGX,2022,0.13,12.67,8.1,20.9
DHI,2022,9.34,7.01,6.03,22.39
DHR,2020,4.63,18.23,9.86,32.72
DHR,2021,3.35,14.81,8.57,26.74
DHR,2022,1.37,8.23,6.13,15.73
DLR,2019,4.17,5.92,7.88,17.91
DLR,2020,3.41,5.38,5.54,14.33
DLR,2021,3.37,5.07,5.52,13.95
DLR,2022,3.23,3.7,6.1,13.02
DPZ,2019,6.08,14.48,6.98,27.52
DPZ,2021,5.22,14.79,6.66,26.67
DPZ,2022,7.72,16.68,6.81,31.21
DUK,2019,16.23,10.56,7.19,33.99
DUK,2020,15.8,11.37,6.36,33.54
DUK,2021,15.39,10.4,5.44,31.24
DUK,2022,14.49,8.57,4.59,27.66
DVN,2019,17.33,11.07,6.25,34.52
DVN,2020,17.26,9.92,6.62,33.79
DVN,2021,16.85,8.61,7.56,33.01
ECL,2019,14.41,10.3,7.48,32.17
ECL,2020,13.32,9.8,7.06,30.19
ECL,2021,10.33,8.6,6.54,25.47
ECL,2022,9.48,8.44,6.17,24.09
EIX,2019,19.08,12.0,7.86,38.87
EIX,2020,13.66,12.21,6.8,32.67
EIX,2021,11.07,11.59,5.97,28.65
EIX,2022,10.64,10.99,5.86,27.49
EMN,2019,13.15,6.61,7.94,27.65
EMN,2020,12.4,6.24,7.56,26.19
EMN,2022,11.82,5.45,7.24,24.51
EMN,2023,12.41,5.64,6.9,24.94
EOG,2019,23.89,12.77,8.05,44.78
EOG,2020,24.84,12.6,8.26,45.71
EOG,2021,19.63,11.04,8.24,38.91
EQR,2019,4.47,5.43,6.16,16.0
EQR,2020,4.56,5.21,5.76,15.52
EQR,2021,4.41,4.02,4.91,13.34
EQR,2022,2.91,3.0,5.14,11.05
EQT,2019,19.95,9.03,9.42,40.3
EQT,2020,21.64,8.35,7.53,37.52
EQT,2021,21.03,10.0,8.21,39.24
ETN,2019,4.66,7.04,6.03,17.84
ETN,2020,5.02,6.59,5.63,17.24
ETN,2021,5.0,6.45,5.68,17.12
ETN,2022,5.2,6.72,5.69,17.6
FCX,2019,20.58,11.87,6.85,39.97
FCX,2020,20.69,12.42,6.75,39.87
FCX,2021,18.17,11.86,5.53,35.56
FCX,2022,17.21,10.28,5.37,32.87
FDX,2020,5.87,9.29,6.11,21.26
FDX,2021,5.18,10.01,6.0,21.19
FDX,2022,5.29,9.32,5.84,20.45
FDX,2023,5.66,8.42,5.61,19.68
FIS,2021,0.34,11.57,6.61,18.51
FIS,2022,1.27,11.14,5.73,18.13
FMC,2019,16.53,12.54,6.91,36.22
FMC,2020,18.34,12.95,6.97,38.26
FMC,2021,17.86,13.54,7.31,38.71
FMC,2022,17.03,10.57,7.39,34.99
FRT,2019,4.1,5.8,7.12,16.98
FRT,2020,3.72,4.9,6.94,15.56
FRT,2021,2.24,4.44,6.08,12.75
FTV,2019,10.5,14.79,7.15,32.39
FTV,2020,10.01,14.6,6.96,31.56
FTV,2021,15.52,14.16,5.63,35.32
GLW,2021,7.91,5.2,6.89,20.0
GLW,2022,7.3,5.24,6.87,19.42
GPC,2019,4.25,5.85,3.41,13.37
GPC,2021,3.71,5.14,3.9,12.75
GPC,2022,3.61,5.22,3.78,12.6
GPC,2023,4.14,5.2,3.79,13.14
GPN,2019,0.18,14.04,7.57,21.85
GPN,2020,0.18,13.52,7.87,21.58
GPN,2021,0.38,10.96,7.31,18.64
GPN,2022,1.31,10.92,6.95,19.18
GWW,2019,1.41,5.85,6.75,13.88
GWW,2020,1.39,5.25,6.38,13.02
GWW,2021,3.21,5.57,6.05,14.83
GWW,2022,3.41,5.48,5.72,14.6
HBAN,2019,2.53,12.71,9.53,24.55
HBAN,2020,2.48,11.43,8.8,22.72
HBAN,2021,2.05,11.31,7.85,21.22
HBAN,2022,1.96,10.54,7.79,20.28
HIG,2019,1.45,8.58,10.93,20.73
HIG,2020,1.48,8.58,10.51,20.56
HIG,2021,1.65,7.42,9.6,18.67
HIG,2022,1.5,6.22,8.58,16.31
HLT,2019,8.63,8.48,4.05,21.16
HLT,2020,8.22,8.24,3.87,20.33
HLT,2021,8.04,8.13,3.61,19.78
HRL,2019,10.56,12.32,5.12,27.96
HRL,2020,10.02,11.23,4.98,26.24
HRL,2021,10.73,10.32,5.04,26.1
HST,2019,4.02,4.74,5.52,14.28
HST,2020,3.97,5.15,5.42,14.55
HST,2021,3.74,5.73,4.91,14.37
HSY,2019,9.14,10.87,5.92,25.95
HSY,2020,8.67,11.18,5.95,25.8
HSY,2021,9.72,10.32,5.29,25.34
IBM,2019,0.42,9.77,7.35,17.62
IBM,2020,0.41,9.96,7.25,17.6
IBM,2021,0.42,9.4,7.43,17.24
IBM,2022,0.47,6.67,7.64,14.77
IEX,2018,10.08,15.9,8.04,33.97
IEX,2020,10.67,15.4,7.66,33.74
IEX,2022,8.1,13.0,5.95,27.05
IPG,2019,0.05,9.99,6.06,16.15
IPG,2020,0.05,10.0,5.96,16.02
IPG,2021,0.05,9.69,5.98,15.73
IQV,2019,1.77,15.29,8.33,25.48
IQV,2020,1.67,14.74,7.86,24.26
IQV,2021,1.47,12.23,7.09,20.79
ITW,2020,4.64,9.31,6.29,20.23
ITW,2021,4.27,8.87,6.44,19.56
ITW,2022,4.36,9.14,6.43,19.93
ITW,2023,7.0,11.78,6.52,25.29
IVZ,2018,1.47,14.46,10.93,26.29
IVZ,2019,1.49,14.47,10.68,26.13
IVZ,2021,1.8,12.93,10.41,25.14
JCI,2019,6.0,5.12,7.37,18.3
JCI,2020,6.25,4.73,6.76,17.74
JCI,2021,8.03,2.53,6.02,16.57
JCI,2022,5.13,3.43,5.31,13.87
JNJ,2019,1.3,22.35,11.73,35.54
JNJ,2020,1.29,21.19,11.44,33.92
JNJ,2021,0.74,19.89,9.29,29.92
JNJ,2022,0.74,16.53,8.54,25.82
JPM,2019,1.16,12.27,9.65,22.95
JPM,2020,1.16,11.98,9.05,22.18
JPM,2021,1.07,16.13,10.74,27.94
JPM,2022,1.11,16.32,11.65,29.08
KMB,2019,7.59,7.46,6.79,21.85
KMB,2020,7.87,7.28,6.92,22.06
KMB,2021,8.11,7.22,6.83,22.16
KMI,2019,10.83,10.18,4.44,25.31
KMI,2020,9.23,9.5,4.24,22.97
KMI,2021,8.55,6.06,3.82,18.43
KMX,2019,0.14,9.09,4.2,13.45
KMX,2021,0.11,8.7,4.17,12.98
KMX,2022,0.08,7.92,3.98,11.97
KMX,2023,0.09,8.02,3.99,12.1
LDOS,2018,1.22,12.94,7.09,21.09
LDOS,2019,1.19,13.15,6.94,20.97
LDOS,2020,1.21,12.51,6.71,20.42
LH,2020,0.74,9.63,7.56,17.93
LH,2021,0.67,7.67,6.96,15.3
LH,2022,0.51,10.26,7.31,18.08
LH,2023,0.28,12.13,6.86,19.27
LMT,2019,7.35,16.61,7.53,31.29
LMT,2020,7.22,16.05,7.25,30.52
LMT,2021,5.27,15.81,7.63,28.7
LMT,2022,5.27,15.93,7.34,28.53
LUV,2021,10.04,15.43,5.98,31.44
LUV,2022,11.29,14.89,6.21,32.39
LVS,2019,1.64,9.84,8.49,20.0
LVS,2020,1.59,9.19,8.18,18.96
LVS,2021,1.81,8.1,8.66,18.56
LVS,2022,1.39,7.83,8.54,17.77
LYB,2019,16.23,2.75,7.35,25.97
LYB,2020,15.94,2.8,7.1,25.84
LYB,2021,16.35,2.88,7.1,26.33
LYB,2022,16.64,2.13,6.02,24.79
MAA,2019,5.58,7.03,6.29,18.91
MAA,2020,5.75,7.02,5.96,18.73
MAA,2021,6.03,7.12,5.61,18.76
MDT,2019,2.48,13.41,9.96,25.88
MDT,2020,2.51,13.97,9.17,25.65
MDT,2021,2.52,13.9,7.73,24.16
MDT,2022,2.37,12.88,7.64,22.9
MGM,2019,2.46,11.05,12.01,26.29
MGM,2020,2.24,11.11,11.98,25.33
MGM,2021,2.59,12.31,12.01,26.91
MGM,2022,2.34,13.01,10.83,26.16
MHK,2018,5.55,4.29,4.56,14.41
MHK,2019,5.56,4.54,4.76,14.9
MHK,2020,5.64,4.49,4.71,14.85
MHK,2021,5.44,4.45,4.43,14.33
MKC,2017,10.91,13.72,5.62,30.32
MKC,2019,10.64,15.16,6.16,31.89
MKC,2021,9.03,14.1,5.27,28.4
MLM,2019,19.02,5.03,9.14,33.78
MLM,2020,19.19,4.66,8.65,32.51
MLM,2021,17.75,4.9,8.77,31.43
MLM,2022,18.55,4.86,8.82,32.24
MMC,2019,0.07,7.53,10.77,18.41
MMC,2020,0.09,8.06,10.8,18.93
MMC,2021,0.11,8.36,10.88,19.34
MMM,2021,12.95,13.84,8.23,35.02
MMM,2022,12.62,13.57,7.84,34.03
MMM,2023,17.22,13.59,6.54,37.35
MPC,2018,21.29,9.48,6.08,37.36
MPC,2019,22.55,9.48,6.11,38.11
MPC,2020,19.36,8.46,5.54,33.36
MPC,2021,15.68,7.07,5.3,28.04
MRK,2018,1.63,15.46,11.44,28.64
MRK,2019,1.6,15.2,11.06,28.0
MRK,2020,1.63,14.52,11.07,27.22
MRK,2021,0.88,11.28,10.52,22.67
MSCI,2019,0.13,13.18,6.93,23.01
MSCI,2021,0.41,14.45,5.74,20.6
MSCI,2022,1.61,5.41,5.39,12.41
MTB,2020,2.12,12.8,12.74,27.66
MTB,2021,2.04,13.31,11.94,27.29
MTB,2022,2.2,12.77,11.19,26.16
MTD,2019,0.92,6.1,5.62,12.71
MTD,2020,0.92,5.21,5.76,11.9
MTD,2021,0.78,5.71,5.51,12.0
NEM,2019,10.41,9.06,5.65,25.13
NEM,2020,9.66,9.06,5.04,23.77
NEM,2021,8.91,10.88,4.94,24.73
NEM,2022,7.8,9.37,5.09,22.26
NRG,2019,19.68,11.27,7.84,38.88
NRG,2020,20.93,11.35,7.91,40.19
NRG,2021,17.26,8.95,5.55,31.75
NRG,2022,17.26,8.95,5.46,31.66
NUE,2021,12.3,15.22,9.23,36.75
NUE,2022,10.07,14.21,9.39,33.66
ORCL,2014,0.44,9.8,6.69,17.39
ORCL,2016,0.43,10.39,6.54,17.67
ORCL,2018,0.42,10.62,6.86,17.82
ORCL,2020,0.43,10.96,6.75,18.13
OXY,2021,19.72,10.85,6.61,37.17
PANW,2021,0.75,7.98,5.7,14.43
PCG,2019,7.55,26.87,8.49,42.54
PCG,2020,7.8,26.87,8.46,43.13
PCG,2021,7.73,26.55,7.91,42.18
PCG,2022,8.41,20.65,6.17,35.23
PGR,2019,2.06,7.78,13.32,23.15
PGR,2020,2.06,8.78,13.41,24.24
PGR,2021,1.95,10.0,12.33,24.27
PGR,2022,1.72,8.38,10.96,21.06
PHM,2015,7.62,8.73,5.02,21.47
PHM,2016,7.81,9.42,4.98,22.07
PHM,2018,7.6,8.76,4.96,21.29
PKG,2019,13.2,2.1,4.35,19.7
PKG,2020,13.24,2.07,4.2,19.5
PKG,2021,10.88,1.67,4.02,16.57
PKG,2022,9.78,1.39,3.77,14.94
PNC,2018,1.94,10.26,8.82,21.7
PNC,2019,1.84,10.28,8.2,20.82
PNC,2020,1.64,10.63,8.17,20.43
PNC,2021,1.77,12.39,8.53,22.7
PNR,2019,8.73,15.61,6.9,31.27
PNR,2020,9.49,15.52,7.05,32.06
PNR,2021,9.83,14.8,7.25,31.88
PNW,2019,11.31,9.81,5.97,27.16
PNW,2020,11.54,10.29,6.16,28.0
PNW,2022,12.15,9.52,6.02,27.7
PPG,2017,13.17,8.8,7.88,29.75
PPG,2018,14.17,8.79,8.73,31.36
PPG,2021,9.91,8.53,7.76,26.19
PPG,2022,9.32,7.69,7.43,24.45
PSX,2020,18.59,7.07,4.73,30.39
PSX,2021,18.61,8.08,5.31,31.99
PSX,2022,16.39,7.0,5.9,29.29
PWR,2019,9.07,16.88,12.02,37.94
PWR,2020,9.07,16.49,11.85,37.41
PWR,2021,8.79,16.88,10.5,36.17
PXD,2019,23.21,11.41,9.37,43.54
PXD,2020,23.34,12.72,9.12,45.19
PXD,2021,17.0,9.81,8.85,35.65
PXD,2022,18.43,8.97,9.05,36.45
RJF,2020,1.69,12.46,14.34,28.48
RJF,2021,1.81,12.49,13.18,27.47
RJF,2022,1.43,11.23,12.39,25.05
RJF,2023,1.76,10.8,12.93,25.5
RMD,2019,4.28,12.16,10.98,27.29
RMD,2020,4.42,12.4,10.81,27.62
RMD,2021,4.1,12.5,10.57,27.17
RMD,2022,3.36,12.39,10.68,26.44
ROK,2019,6.49,9.06,6.73,22.29
ROK,2020,6.06,9.42,6.82,22.3
ROK,2021,5.51,9.52,6.53,21.56
RSG,2019,12.83,7.81,3.81,24.53
RSG,2020,13.04,6.95,3.79,23.78
RSG,2021,12.11,6.4,3.72,22.22
SCHW,2021,2.15,10.52,12.43,25.1
SCHW,2022,2.25,10.15,11.59,23.99
SHW,2019,13.54,11.13,6.38,31.05
SHW,2020,13.12,11.2,6.1,30.42
SHW,2021,12.62,11.06,5.79,29.46
SJM,2019,10.81,16.35,6.39,33.62
SJM,2020,11.03,11.97,6.13,29.13
SJM,2021,11.07,9.85,6.2,27.12
SJM,2022,12.36,12.42,6.17,30.95
SLB,2019,9.92,6.51,7.37,23.78
SLB,2020,9.97,7.0,7.31,24.28
SLB,2021,9.07,9.18,7.08,25.33
SLB,2022,8.1,9.16,6.27,23.53
SPGI,2019,1.41,5.86,6.11,13.39
SPGI,2020,1.41,6.07,5.87,13.35
SPGI,2021,1.57,5.77,5.37,12.71
SPG,2019,4.26,4.8,6.71,15.73
SPG,2020,4.47,4.77,5.87,15.12
SPG,2021,5.12,4.58,5.16,14.87
SPG,2022,4.28,4.22,6.05,14.55
SRE,2019,13.21,10.28,5.93,29.4
SRE,2020,13.62,10.28,5.82,29.72
SRE,2021,14.42,10.08,5.6,30.1
STT,2019,1.89,11.33,8.22,21.44
STT,2020,1.72,11.85,8.32,21.89
STT,2021,1.56,12.43,8.52,22.5
STT,2022,1.64,11.67,8.34,21.65
STZ,2020,8.14,9.33,5.94,23.4
STZ,2021,9.02,9.34,4.97,23.33
STZ,2022,9.95,9.76,5.4,25.11
SWK,2018,7.25,18.26,9.03,34.1
SWK,2019,6.78,17.29,8.88,32.4
SWK,2020,7.14,16.54,8.56,32.22
SWK,2021,5.72,12.55,8.47,26.74
SYF,2019,0.17,12.83,8.7,21.7
SYF,2020,0.15,12.61,8.16,20.92
SYF,2021,0.13,12.09,7.1,19.33
SYK,2019,4.0,20.79,12.28,37.07
SYK,2020,4.46,19.57,12.05,36.08
SYK,2021,4.89,17.11,11.72,33.72
SYK,2022,4.05,14.52,11.57,30.15
SYY,2019,2.51,5.92,4.56,13.04
SYY,2020,2.56,5.58,4.65,12.8
SYY,2021,2.36,5.03,4.48,11.87
SYY,2022,2.66,4.81,4.66,12.13
TDG,2022,12.84,17.85,8.29,38.98
TFC,2020,2.01,13.02,10.39,25.42
TFX,2019,5.39,17.81,8.15,31.47
TFX,2020,4.64,16.47,7.88,28.98
TFX,2021,4.7,16.42,7.89,29.01
TFX,2022,4.81,16.39,8.05,29.26
TGT,2019,2.06,9.33,5.14,16.72
TGT,2020,1.95,8.3,5.16,15.41
TGT,2021,1.99,7.63,5.34,14.95
TGT,2022,2.13,7.58,5.06,14.77
TJX,2019,2.14,7.6,5.63,15.35
TJX,2020,2.08,7.36,5.49,14.92
TJX,2021,2.03,7.19,5.39,14.61
TJX,2022,1.94,7.35,5.33,14.61
TPR,2019,1.66,6.82,5.74,14.19
TPR,2020,1.68,6.9,5.86,14.46
TPR,2021,1.16,7.46,5.05,13.66
TRV,2019,1.55,9.07,12.95,23.58
TRV,2020,1.55,9.16,12.09,22.8
TRV,2021,1.44,8.7,11.02,21.16
TRV,2022,1.08,8.2,10.53,19.79
TSN,2018,14.94,13.61,14.67,42.77
TSN,2019,14.28,14.25,13.28,41.72
TSN,2020,15.3,15.55,12.96,43.81
TSN,2021,12.66,13.47,10.03,36.16
TXT,2018,10.29,19.16,7.44,37.36
TXT,2019,10.6,19.61,7.36,37.85
TXT,2020,10.99,19.99,7.19,38.18
TXT,2021,9.8,18.25,7.34,35.39
UDR,2019,5.74,6.91,6.06,18.73
UDR,2020,4.76,5.57,5.84,16.17
UDR,2021,3.77,4.23,5.17,13.17
UDR,2022,3.2,3.83,5.28,12.31
UHS,2021,3.33,21.49,9.65,34.48
UHS,2022,3.45,19.39,8.72,31.57
UNH,2019,0.03,15.1,6.01,20.94
UNH,2020,0.03,14.9,5.95,20.88
UNH,2021,0.03,15.16,5.79,20.99
UNH,2022,0.03,11.59,5.89,17.51
UPS,2020,5.53,9.35,6.18,21.06
UPS,2021,5.6,9.35,5.89,20.84
UPS,2022,4.92,9.45,5.36,19.72
USB,2020,1.54,13.15,12.08,26.78
VLO,2019,18.96,8.76,5.57,34.3
VLO,2020,21.93,9.9,5.41,37.25
VMC,2019,18.95,4.93,8.9,33.2
VMC,2020,19.61,4.85,8.83,33.29
VMC,2021,15.18,5.17,8.59,28.93
VMC,2022,15.61,4.56,8.98,29.15
VTR,2019,4.84,4.67,4.95,14.38
VTR,2020,4.8,4.45,4.57,13.82
VTR,2021,3.4,4.03,4.71,12.14
VTR,2022,2.75,4.28,5.38,12.4
VZ,2020,1.97,11.33,6.37,19.67
VZ,2021,1.71,10.2,6.14,18.05
VZ,2022,3.16,9.04,5.63,17.83
VZ,2023,3.74,9.59,5.39,18.73
WEC,2018,18.46,10.5,5.74,34.46
WEC,2019,17.19,9.94,5.7,32.84
WEC,2020,17.43,9.59,5.6,32.62
WEC,2021,17.85,9.24,5.26,32.36
WFC,2019,1.16,14.57,15.3,31.07
WFC,2020,1.15,14.17,15.41,30.72
WFC,2021,1.24,14.89,15.4,31.53
WFC,2022,1.94,15.4,15.51,32.84
WMB,2019,15.42,13.17,3.36,32.0
WMB,2020,13.77,10.26,3.33,27.36
WMB,2021,9.0,8.52,3.22,20.75
WMB,2022,9.53,9.79,3.16,22.49
WMT,2019,3.47,19.64,8.07,30.14
WMT,2020,3.7,17.6,7.34,28.66
WMT,2021,3.36,17.22,6.83,27.41
WMT,2022,4.4,15.79,6.31,26.49
WRB,2019,2.02,10.89,16.47,29.32
WRB,2020,1.72,10.62,15.62,27.96
WRB,2021,2.0,8.15,14.57,24.73
XOM,2018,18.52,10.29,8.46,37.42
XOM,2019,18.64,10.16,8.46,37.27
XOM,2021,16.14,9.91,8.01,34.06
XOM,2022,18.75,10.06,8.13,36.93
XYL,2019,2.82,9.81,5.48,18.14
XYL,2020,2.94,9.56,5.37,17.86
XYL,2021,3.53,7.81,5.11,16.45
YUM,2019,4.1,10.86,5.39,20.36
YUM,2020,3.35,10.55,4.58,18.48
YUM,2021,3.82,12.39,4.5,20.72
YUM,2022,4.25,12.13,4.74,21.12
ZBH,2019,3.8,18.2,12.41,34.25
ZBH,2020,4.3,18.72,11.08,34.1
ZBH,2021,4.74,17.84,10.35,32.94
ZTS,2020,2.72,13.98,11.49,28.19
ZTS,2021,1.98,9.39,10.63,21.99
CHTR,2019,2.53,9.1,7.97,19.65
CHTR,2020,2.22,9.86,7.89,19.97
CHTR,2021,2.65,10.84,8.08,21.57
CHTR,2022,5.57,13.1,7.76,26.43
ABT,2021,3.02,15.68,10.4,29.1
ABT,2021,3.02,15.68,10.4,29.1
EFX,2022,0.16,18.63,6.95,25.73
MSI,2018,1.4,8.98,5.48,15.46
MSI,2019,1.4,8.55,5.48,15.21
